val_loss,epoch,step,train_loss
0.25166234374046326,0,285,
,0,285,0.4917023181915283
0.22120119631290436,1,571,
,1,571,0.2306915819644928
0.21093925833702087,2,857,
,2,857,0.2135019749403
0.20509544014930725,3,1143,
,3,1143,0.20576347410678864
0.2013167291879654,4,1429,
,4,1429,0.20095430314540863
0.1984890252351761,5,1715,
,5,1715,0.19769735634326935
0.19630271196365356,6,2001,
,6,2001,0.19526150822639465
0.19455833733081818,7,2287,
,7,2287,0.19336062669754028
0.1932380050420761,8,2573,
,8,2573,0.19181571900844574
0.19197359681129456,9,2859,
,9,2859,0.19055061042308807
0.1911245435476303,10,3145,
,10,3145,0.18948163092136383
0.19019410014152527,11,3431,
,11,3431,0.18858832120895386
0.1894431859254837,12,3717,
,12,3717,0.1878391057252884
0.1889667809009552,13,4003,
,13,4003,0.18714620172977448
0.18827183544635773,14,4289,
,14,4289,0.1865159571170807
0.18777285516262054,15,4575,
,15,4575,0.18599407374858856
0.18733572959899902,16,4861,
,16,4861,0.1854853630065918
0.1868174970149994,17,5147,
,17,5147,0.18503181636333466
0.18637174367904663,18,5433,
,18,5433,0.18460820615291595
0.18608027696609497,19,5719,
,19,5719,0.18424494564533234
0.18574900925159454,20,6005,
,20,6005,0.18387947976589203
0.18541941046714783,21,6291,
,21,6291,0.18358656764030457
0.1851264387369156,22,6577,
,22,6577,0.18332520127296448
0.1849701851606369,23,6863,
,23,6863,0.18308450281620026
0.18469898402690887,24,7149,
,24,7149,0.18286024034023285
0.18462464213371277,25,7435,
,25,7435,0.18263393640518188
0.18438148498535156,26,7721,
,26,7721,0.18247203528881073
0.1843937635421753,27,8007,
,27,8007,0.18229395151138306
0.18414005637168884,28,8293,
,28,8293,0.1821342259645462
0.18389365077018738,29,8579,
,29,8579,0.18193648755550385
0.18387942016124725,30,8865,
,30,8865,0.181818887591362
0.18369092047214508,31,9151,
,31,9151,0.18167267739772797
0.1835384964942932,32,9437,
,32,9437,0.1815575808286667
0.18344801664352417,33,9723,
,33,9723,0.18143658339977264
0.1832483410835266,34,10009,
,34,10009,0.18129853904247284
0.18324479460716248,35,10295,
,35,10295,0.18118563294410706
0.18300102651119232,36,10581,
,36,10581,0.18109317123889923
0.18300843238830566,37,10867,
,37,10867,0.18096709251403809
0.18294033408164978,38,11153,
,38,11153,0.18085208535194397
0.18276268243789673,39,11439,
,39,11439,0.18076801300048828
0.18270018696784973,40,11725,
,40,11725,0.18066400289535522
0.18267859518527985,41,12011,
,41,12011,0.1805892288684845
0.1825374811887741,42,12297,
,42,12297,0.18051783740520477
0.1825954020023346,43,12583,
,43,12583,0.1804308444261551
0.18233762681484222,44,12869,
,44,12869,0.18032854795455933
0.18230055272579193,45,13155,
,45,13155,0.1802697330713272
0.18222525715827942,46,13441,
,46,13441,0.1802012175321579
0.18221142888069153,47,13727,
,47,13727,0.18012572824954987
0.1820889562368393,48,14013,
,48,14013,0.18005770444869995
0.18210910260677338,49,14299,
,49,14299,0.17999514937400818
0.18210338056087494,50,14585,
,50,14585,0.17994661629199982
0.18207991123199463,51,14871,
,51,14871,0.17986960709095
0.1819317638874054,52,15157,
,52,15157,0.17982007563114166
0.18199273943901062,53,15443,
,53,15443,0.17975279688835144
0.18195106089115143,54,15729,
,54,15729,0.17971420288085938
0.18178577721118927,55,16015,
,55,16015,0.17964337766170502
0.1816621720790863,56,16301,
,56,16301,0.1795680969953537
0.18169081211090088,57,16587,
,57,16587,0.1795547753572464
0.18173184990882874,58,16873,
,58,16873,0.1794600486755371
0.1815916746854782,59,17159,
,59,17159,0.17945510149002075
0.1814858764410019,60,17445,
,60,17445,0.17939266562461853
0.181467205286026,61,17731,
,61,17731,0.17937695980072021
0.18154630064964294,62,18017,
,62,18017,0.179321750998497
0.18141420185565948,63,18303,
,63,18303,0.17925873398780823
0.18146316707134247,64,18589,
,64,18589,0.17920318245887756
0.18139754235744476,65,18875,
,65,18875,0.1791696399450302
0.1813935935497284,66,19161,
,66,19161,0.17910881340503693
0.18122689425945282,67,19447,
,67,19447,0.17908594012260437
0.18125344812870026,68,19733,
,68,19733,0.1790371984243393
0.18120333552360535,69,20019,
,69,20019,0.17903098464012146
0.18118396401405334,70,20305,
,70,20305,0.17898470163345337
0.18115438520908356,71,20591,
,71,20591,0.17896662652492523
0.1811121255159378,72,20877,
,72,20877,0.17889843881130219
0.18105743825435638,73,21163,
,73,21163,0.17885218560695648
0.18107686936855316,74,21449,
,74,21449,0.17883220314979553
0.18102096021175385,75,21735,
,75,21735,0.17877796292304993
0.1810392439365387,76,22021,
,76,22021,0.17877289652824402
0.1809346228837967,77,22307,
,77,22307,0.17872944474220276
0.18094508349895477,78,22593,
,78,22593,0.17869113385677338
0.18092335760593414,79,22879,
,79,22879,0.17868386209011078
0.18101608753204346,80,23165,
,80,23165,0.17866162955760956
0.18096014857292175,81,23451,
,81,23451,0.17860890924930573
0.18087242543697357,82,23737,
,82,23737,0.178594708442688
0.18073643743991852,83,24023,
,83,24023,0.1785261183977127
0.1807299554347992,84,24309,
,84,24309,0.17852480709552765
0.18074919283390045,85,24595,
,85,24595,0.17847272753715515
0.1807563155889511,86,24881,
,86,24881,0.17844079434871674
0.180877223610878,87,25167,
,87,25167,0.17845074832439423
0.1806403249502182,88,25453,
,88,25453,0.17841246724128723
0.18062607944011688,89,25739,
,89,25739,0.17839966714382172
0.18057899177074432,90,26025,
,90,26025,0.17836815118789673
0.1806955188512802,91,26311,
,91,26311,0.17830829322338104
0.18058454990386963,92,26597,
,92,26597,0.1783123016357422
0.18053963780403137,93,26883,
,93,26883,0.17826640605926514
0.1806369423866272,94,27169,
,94,27169,0.1782672107219696
0.18058061599731445,95,27455,
,95,27455,0.17822737991809845
0.18046407401561737,96,27741,
,96,27741,0.17823179066181183
0.18057158589363098,97,28027,
,97,28027,0.17817005515098572
0.18045291304588318,98,28313,
,98,28313,0.17815913259983063
0.18053942918777466,99,28599,
,99,28599,0.17814107239246368
0.180450901389122,100,28885,
,100,28885,0.17812402546405792
0.1803818792104721,101,29171,
,101,29171,0.1780923306941986
0.1803504079580307,102,29457,
,102,29457,0.17808713018894196
0.18044690787792206,103,29743,
,103,29743,0.1780448853969574
0.18058961629867554,104,30029,
,104,30029,0.17803753912448883
0.18033470213413239,105,30315,
,105,30315,0.17802418768405914
0.18043462932109833,106,30601,
,106,30601,0.17797896265983582
0.18031243979930878,107,30887,
,107,30887,0.17796435952186584
0.18026673793792725,108,31173,
,108,31173,0.17795425653457642
0.18033869564533234,109,31459,
,109,31459,0.17792534828186035
0.18025189638137817,110,31745,
,110,31745,0.17791685461997986
0.18021216988563538,111,32031,
,111,32031,0.17788082361221313
0.18027497828006744,112,32317,
,112,32317,0.17788106203079224
0.18038712441921234,113,32603,
,113,32603,0.17782720923423767
0.18018661439418793,114,32889,
,114,32889,0.17785415053367615
0.18022441864013672,115,33175,
,115,33175,0.17781904339790344
0.18030303716659546,116,33461,
,116,33461,0.17780958116054535
0.18018604815006256,117,33747,
,117,33747,0.17777195572853088
0.18007031083106995,118,34033,
,118,34033,0.17776647210121155
0.18013016879558563,119,34319,
,119,34319,0.1777266412973404
0.18010935187339783,120,34605,
,120,34605,0.17772141098976135
0.18012379109859467,121,34891,
,121,34891,0.17767666280269623
0.18013077974319458,122,35177,
,122,35177,0.1776944100856781
0.18012860417366028,123,35463,
,123,35463,0.17768016457557678
0.1800379604101181,124,35749,
,124,35749,0.1776452511548996
0.18001408874988556,125,36035,
,125,36035,0.17763009667396545
0.18005508184432983,126,36321,
,126,36321,0.1776086837053299
0.18010684847831726,127,36607,
,127,36607,0.17761191725730896
0.1800043284893036,128,36893,
,128,36893,0.17760027945041656
0.17999868094921112,129,37179,
,129,37179,0.17756743729114532
0.1799352616071701,130,37465,
,130,37465,0.17757411301136017
0.17990048229694366,131,37751,
,131,37751,0.17754210531711578
0.17994070053100586,132,38037,
,132,38037,0.17750631272792816
0.17996372282505035,133,38323,
,133,38323,0.1775403469800949
0.17989841103553772,134,38609,
,134,38609,0.17747919261455536
0.17990565299987793,135,38895,
,135,38895,0.17748728394508362
0.17998015880584717,136,39181,
,136,39181,0.17745526134967804
0.1798456907272339,137,39467,
,137,39467,0.17746151983737946
0.17987599968910217,138,39753,
,138,39753,0.17744390666484833
0.17986835539340973,139,40039,
,139,40039,0.17741526663303375
0.179910346865654,140,40325,
,140,40325,0.17739607393741608
0.17981009185314178,141,40611,
,141,40611,0.17738094925880432
0.1798936128616333,142,40897,
,142,40897,0.17737410962581635
0.17972442507743835,143,41183,
,143,41183,0.17734088003635406
0.1798655241727829,144,41469,
,144,41469,0.1773574948310852
0.1797584444284439,145,41755,
,145,41755,0.17735323309898376
0.17978444695472717,146,42041,
,146,42041,0.1773177683353424
0.17967888712882996,147,42327,
,147,42327,0.17731909453868866
0.1797744184732437,148,42613,
,148,42613,0.17727714776992798
0.17973202466964722,149,42899,
,149,42899,0.17728981375694275
0.17977312207221985,150,43185,
,150,43185,0.17725682258605957
0.17990049719810486,151,43471,
,151,43471,0.17726640403270721
0.17987917363643646,152,43757,
,152,43757,0.17722901701927185
0.17972812056541443,153,44043,
,153,44043,0.17722928524017334
0.17968769371509552,154,44329,
,154,44329,0.17720676958560944
0.17975486814975739,155,44615,
,155,44615,0.17719650268554688
0.17977167665958405,156,44901,
,156,44901,0.1771925985813141
0.1800309270620346,157,45187,
,157,45187,0.17716245353221893
0.17970436811447144,158,45473,
,158,45473,0.17718562483787537
0.17987371981143951,159,45759,
,159,45759,0.17715144157409668
0.17980140447616577,160,46045,
,160,46045,0.177131786942482
0.17982181906700134,161,46331,
,161,46331,0.17711661756038666
0.17958928644657135,162,46617,
,162,46617,0.17711801826953888
0.1796511709690094,163,46903,
,163,46903,0.17713133990764618
0.17960438132286072,164,47189,
,164,47189,0.1770850121974945
0.17965996265411377,165,47475,
,165,47475,0.17709650099277496
0.17966696619987488,166,47761,
,166,47761,0.17708222568035126
0.17954227328300476,167,48047,
,167,48047,0.17705665528774261
0.1795959770679474,168,48333,
,168,48333,0.17706705629825592
0.17955747246742249,169,48619,
,169,48619,0.17702716588974
0.17961594462394714,170,48905,
,170,48905,0.17700804769992828
0.1796719878911972,171,49191,
,171,49191,0.1770370453596115
0.17970220744609833,172,49477,
,172,49477,0.17703834176063538
0.1796078383922577,173,49763,
,173,49763,0.1770089566707611
0.17953737080097198,174,50049,
,174,50049,0.17697542905807495
0.17960718274116516,175,50335,
,175,50335,0.17698915302753448
0.17957086861133575,176,50621,
,176,50621,0.17696771025657654
0.1795487403869629,177,50907,
,177,50907,0.17695352435112
0.17956659197807312,178,51193,
,178,51193,0.17696481943130493
0.17952817678451538,179,51479,
,179,51479,0.17694078385829926
0.17946290969848633,180,51765,
,180,51765,0.176905557513237
0.17950350046157837,181,52051,
,181,52051,0.1769174039363861
0.17947790026664734,182,52337,
,182,52337,0.17692066729068756
0.17959381639957428,183,52623,
,183,52623,0.176901713013649
0.17958882451057434,184,52909,
,184,52909,0.17689856886863708
0.17966964840888977,185,53195,
,185,53195,0.1768641471862793
0.17951521277427673,186,53481,
,186,53481,0.1768648773431778
0.17945991456508636,187,53767,
,187,53767,0.17688459157943726
0.17941434681415558,188,54053,
,188,54053,0.1768425703048706
0.17945361137390137,189,54339,
,189,54339,0.1768185943365097
0.17936863005161285,190,54625,
,190,54625,0.1768471598625183
0.17932134866714478,191,54911,
,191,54911,0.17683032155036926
0.17946814000606537,192,55197,
,192,55197,0.1767725646495819
0.17945745587348938,193,55483,
,193,55483,0.17681357264518738
0.17934304475784302,194,55769,
,194,55769,0.17679578065872192
0.17956261336803436,195,56055,
,195,56055,0.17679014801979065
0.17945563793182373,196,56341,
,196,56341,0.17677468061447144
0.1793578714132309,197,56627,
,197,56627,0.17673660814762115
0.17928428947925568,198,56913,
,198,56913,0.17673441767692566
0.17929334938526154,199,57199,
,199,57199,0.17676657438278198
0.179328054189682,200,57485,
,200,57485,0.1767348349094391
0.17936186492443085,201,57771,
,201,57771,0.17673009634017944
0.17933815717697144,202,58057,
,202,58057,0.17675580084323883
0.1793331652879715,203,58343,
,203,58343,0.17670679092407227
0.1793466955423355,204,58629,
,204,58629,0.17672212421894073
0.17931877076625824,205,58915,
,205,58915,0.17669378221035004
0.17928537726402283,206,59201,
,206,59201,0.1766829490661621
0.1792672574520111,207,59487,
,207,59487,0.1766577959060669
0.1792868971824646,208,59773,
,208,59773,0.17667071521282196
0.17920729517936707,209,60059,
,209,60059,0.1766824871301651
0.179202601313591,210,60345,
,210,60345,0.1766459047794342
0.1791803240776062,211,60631,
,211,60631,0.1766519397497177
0.1792108714580536,212,60917,
,212,60917,0.17664675414562225
0.17917457222938538,213,61203,
,213,61203,0.17662404477596283
0.17932315170764923,214,61489,
,214,61489,0.17661425471305847
0.17917825281620026,215,61775,
,215,61775,0.17659808695316315
0.17922084033489227,216,62061,
,216,62061,0.17660605907440186
0.17920418083667755,217,62347,
,217,62347,0.17658403515815735
0.17917029559612274,218,62633,
,218,62633,0.17656482756137848
0.17922498285770416,219,62919,
,219,62919,0.1765805333852768
0.17912496626377106,220,63205,
,220,63205,0.17656947672367096
0.17919163405895233,221,63491,
,221,63491,0.17655138671398163
0.17909789085388184,222,63777,
,222,63777,0.17654693126678467
0.17917956411838531,223,64063,
,223,64063,0.17653551697731018
0.1791432499885559,224,64349,
,224,64349,0.17647619545459747
0.17905502021312714,225,64635,
,225,64635,0.17653897404670715
0.1791357845067978,226,64921,
,226,64921,0.17649932205677032
0.17916718125343323,227,65207,
,227,65207,0.17650866508483887
0.17906847596168518,228,65493,
,228,65493,0.17650319635868073
0.17909318208694458,229,65779,
,229,65779,0.17649391293525696
0.1790129542350769,230,66065,
,230,66065,0.1764993518590927
0.1791708767414093,231,66351,
,231,66351,0.17648915946483612
0.179063081741333,232,66637,
,232,66637,0.17647463083267212
0.17914630472660065,233,66923,
,233,66923,0.17646147310733795
0.17921780049800873,234,67209,
,234,67209,0.1764584630727768
0.17905902862548828,235,67495,
,235,67495,0.1764751374721527
0.17912700772285461,236,67781,
,236,67781,0.17643989622592926
0.17921759188175201,237,68067,
,237,68067,0.17642293870449066
0.17906352877616882,238,68353,
,238,68353,0.1764138638973236
0.17910347878932953,239,68639,
,239,68639,0.1764208823442459
0.17909346520900726,240,68925,
,240,68925,0.17643508315086365
0.1790587455034256,241,69211,
,241,69211,0.17639562487602234
0.17900635302066803,242,69497,
,242,69497,0.17640571296215057
0.1789972335100174,243,69783,
,243,69783,0.1764083355665207
0.17905227839946747,244,70069,
,244,70069,0.1763712465763092
0.17897553741931915,245,70355,
,245,70355,0.17638884484767914
0.17889979481697083,246,70641,
,246,70641,0.17635411024093628
0.1790596842765808,247,70927,
,247,70927,0.1763777881860733
0.17895227670669556,248,71213,
,248,71213,0.17638394236564636
0.17899435758590698,249,71499,
,249,71499,0.176359161734581
0.17896494269371033,250,71785,
,250,71785,0.1763538420200348
0.1790194809436798,251,72071,
,251,72071,0.1763637512922287
0.17893706262111664,252,72357,
,252,72357,0.1763329803943634
0.17889584600925446,253,72643,
,253,72643,0.17633318901062012
0.17902196943759918,254,72929,
,254,72929,0.1763145476579666
0.1789274960756302,255,73215,
,255,73215,0.17632924020290375
0.17891839146614075,256,73501,
,256,73501,0.17631110548973083
0.1789676398038864,257,73787,
,257,73787,0.1763106733560562
0.17894290387630463,258,74073,
,258,74073,0.17630846798419952
0.17893922328948975,259,74359,
,259,74359,0.17632445693016052
0.1789141744375229,260,74645,
,260,74645,0.17629246413707733
0.17888569831848145,261,74931,
,261,74931,0.17628391087055206
0.17890243232250214,262,75217,
,262,75217,0.1762801557779312
0.17890167236328125,263,75503,
,263,75503,0.17625047266483307
0.17890127003192902,264,75789,
,264,75789,0.1762535125017166
0.1789209097623825,265,76075,
,265,76075,0.17628011107444763
0.1789526343345642,266,76361,
,266,76361,0.17627839744091034
0.17886531352996826,267,76647,
,267,76647,0.176249161362648
0.17893512547016144,268,76933,
,268,76933,0.1762312352657318
0.1789574772119522,269,77219,
,269,77219,0.17628052830696106
0.17899008095264435,270,77505,
,270,77505,0.1762283593416214
0.17884793877601624,271,77791,
,271,77791,0.176251620054245
0.17879179120063782,272,78077,
,272,78077,0.17621460556983948
0.17882345616817474,273,78363,
,273,78363,0.17620454728603363
0.1788591593503952,274,78649,
,274,78649,0.17619404196739197
0.17883223295211792,275,78935,
,275,78935,0.17617833614349365
0.17894521355628967,276,79221,
,276,79221,0.1762266755104065
0.17882250249385834,277,79507,
,277,79507,0.17616738379001617
0.17893767356872559,278,79793,
,278,79793,0.1762053221464157
0.17884697020053864,279,80079,
,279,80079,0.17619185149669647
0.17886433005332947,280,80365,
,280,80365,0.17617394030094147
0.1788751631975174,281,80651,
,281,80651,0.17618191242218018
0.17902952432632446,282,80937,
,282,80937,0.17619389295578003
0.1789015829563141,283,81223,
,283,81223,0.17617470026016235
0.17878520488739014,284,81509,
,284,81509,0.17615939676761627
0.1788015216588974,285,81795,
,285,81795,0.17613263428211212
0.17883330583572388,286,82081,
,286,82081,0.17616677284240723
0.17882151901721954,287,82367,
,287,82367,0.17614026367664337
0.17879396677017212,288,82653,
,288,82653,0.17613644897937775
0.1787516176700592,289,82939,
,289,82939,0.17612051963806152
0.17874988913536072,290,83225,
,290,83225,0.17609849572181702
0.17875729501247406,291,83511,
,291,83511,0.17611703276634216
0.1787991225719452,292,83797,
,292,83797,0.17610280215740204
0.17876113951206207,293,84083,
,293,84083,0.17613250017166138
0.1788189709186554,294,84369,
,294,84369,0.1760970950126648
0.1788032203912735,295,84655,
,295,84655,0.17612655460834503
0.17884033918380737,296,84941,
,296,84941,0.17610977590084076
0.1787257045507431,297,85227,
,297,85227,0.17607878148555756
0.17877554893493652,298,85513,
,298,85513,0.17609021067619324
0.17878425121307373,299,85799,
,299,85799,0.17609019577503204
0.17872504889965057,300,86085,
,300,86085,0.17607036232948303
0.17878501117229462,301,86371,
,301,86371,0.1760786473751068
0.1787693202495575,302,86657,
,302,86657,0.17607498168945312
0.1788112372159958,303,86943,
,303,86943,0.17605438828468323
0.17873790860176086,304,87229,
,304,87229,0.1760767549276352
0.17867854237556458,305,87515,
,305,87515,0.1760677695274353
0.1786804348230362,306,87801,
,306,87801,0.17605073750019073
0.17878997325897217,307,88087,
,307,88087,0.17603503167629242
0.17870217561721802,308,88373,
,308,88373,0.1760246604681015
0.17876392602920532,309,88659,
,309,88659,0.17604723572731018
0.17890450358390808,310,88945,
,310,88945,0.17602229118347168
0.17860279977321625,311,89231,
,311,89231,0.17601919174194336
0.17869195342063904,312,89517,
,312,89517,0.17600186169147491
0.17868900299072266,313,89803,
,313,89803,0.1760074496269226
0.17867429554462433,314,90089,
,314,90089,0.17604275047779083
0.17858116328716278,315,90375,
,315,90375,0.1759849637746811
0.1786746382713318,316,90661,
,316,90661,0.17600543797016144
0.17864282429218292,317,90947,
,317,90947,0.17602653801441193
0.1785854697227478,318,91233,
,318,91233,0.17599432170391083
0.17867161333560944,319,91519,
,319,91519,0.1759752780199051
0.17863889038562775,320,91805,
,320,91805,0.17597682774066925
0.17864741384983063,321,92091,
,321,92091,0.17597301304340363
0.17864061892032623,322,92377,
,322,92377,0.1759830117225647
0.1786315143108368,323,92663,
,323,92663,0.1759858876466751
0.17874136567115784,324,92949,
,324,92949,0.17596124112606049
0.17856401205062866,325,93235,
,325,93235,0.17594876885414124
0.1786649525165558,326,93521,
,326,93521,0.1759537309408188
0.17862342298030853,327,93807,
,327,93807,0.1759750247001648
0.17868316173553467,328,94093,
,328,94093,0.17598164081573486
0.17862533032894135,329,94379,
,329,94379,0.17595429718494415
0.17865829169750214,330,94665,
,330,94665,0.17593809962272644
0.1786402314901352,331,94951,
,331,94951,0.17594663798809052
0.17855402827262878,332,95237,
,332,95237,0.17593146860599518
0.1786344200372696,333,95523,
,333,95523,0.1759185642004013
0.178631991147995,334,95809,
,334,95809,0.1759316623210907
0.17852360010147095,335,96095,
,335,96095,0.17594067752361298
0.17861096560955048,336,96381,
,336,96381,0.1759330779314041
0.17862357199192047,337,96667,
,337,96667,0.1759059876203537
0.1785111278295517,338,96953,
,338,96953,0.17589950561523438
0.17848780751228333,339,97239,
,339,97239,0.1759091019630432
0.1786475032567978,340,97525,
,340,97525,0.17591290175914764
0.17861928045749664,341,97811,
,341,97811,0.17587177455425262
0.17871694266796112,342,98097,
,342,98097,0.17588721215724945
0.17848457396030426,343,98383,
,343,98383,0.17590995132923126
0.17858189344406128,344,98669,
,344,98669,0.17588195204734802
0.17859899997711182,345,98955,
,345,98955,0.17591485381126404
0.17867587506771088,346,99241,
,346,99241,0.17587855458259583
0.1786404848098755,347,99527,
,347,99527,0.1758507490158081
0.17860811948776245,348,99813,
,348,99813,0.17587006092071533
0.17861539125442505,349,100099,
,349,100099,0.17584368586540222
0.17854061722755432,350,100385,
,350,100385,0.17586879432201385
0.17845912277698517,351,100671,
,351,100671,0.1758767068386078
0.1786646544933319,352,100957,
,352,100957,0.17584046721458435
0.17854604125022888,353,101243,
,353,101243,0.17585790157318115
0.17846296727657318,354,101529,
,354,101529,0.1758350133895874
0.1785304993391037,355,101815,
,355,101815,0.1758546084165573
0.1785585880279541,356,102101,
,356,102101,0.17582397162914276
0.17857132852077484,357,102387,
,357,102387,0.17581941187381744
0.17849168181419373,358,102673,
,358,102673,0.1758352667093277
0.17840202152729034,359,102959,
,359,102959,0.17582331597805023
0.17853818833827972,360,103245,
,360,103245,0.17582637071609497
0.17842668294906616,361,103531,
,361,103531,0.17580845952033997
0.1784694641828537,362,103817,
,362,103817,0.17581847310066223
0.17844372987747192,363,104103,
,363,104103,0.17582204937934875
0.17854711413383484,364,104389,
,364,104389,0.1758212149143219
0.17862877249717712,365,104675,
,365,104675,0.17580273747444153
0.17846427857875824,366,104961,
,366,104961,0.17578822374343872
0.17843636870384216,367,105247,
,367,105247,0.17578794062137604
0.17842502892017365,368,105533,
,368,105533,0.17578524351119995
0.1785508096218109,369,105819,
,369,105819,0.17578807473182678
0.1784672737121582,370,106105,
,370,106105,0.17580217123031616
0.17850586771965027,371,106391,
,371,106391,0.1757710576057434
0.17842569947242737,372,106677,
,372,106677,0.17577984929084778
0.17845888435840607,373,106963,
,373,106963,0.17577143013477325
0.17852604389190674,374,107249,
,374,107249,0.17576226592063904
0.1785009354352951,375,107535,
,375,107535,0.17577233910560608
0.1784266084432602,376,107821,
,376,107821,0.17576971650123596
0.1784343421459198,377,108107,
,377,108107,0.17576099932193756
0.17846530675888062,378,108393,
,378,108393,0.1757446825504303
0.17846567928791046,379,108679,
,379,108679,0.17576192319393158
0.17867840826511383,380,108965,
,380,108965,0.17576272785663605
0.17846496403217316,381,109251,
,381,109251,0.17572861909866333
0.17848069965839386,382,109537,
,382,109537,0.17574439942836761
0.17858825623989105,383,109823,
,383,109823,0.17574964463710785
0.1784781813621521,384,110109,
,384,110109,0.17576421797275543
0.17846880853176117,385,110395,
,385,110395,0.1757410168647766
0.17848613858222961,386,110681,
,386,110681,0.17572590708732605
0.17844539880752563,387,110967,
,387,110967,0.17572030425071716
0.17837905883789062,388,111253,
,388,111253,0.1757390946149826
0.1785566806793213,389,111539,
,389,111539,0.1757052093744278
0.17843171954154968,390,111825,
,390,111825,0.1757332682609558
0.17838585376739502,391,112111,
,391,112111,0.17569784820079803
0.17831790447235107,392,112397,
,392,112397,0.17571978271007538
0.178403839468956,393,112683,
,393,112683,0.17567992210388184
0.17850662767887115,394,112969,
,394,112969,0.17570331692695618
0.17839504778385162,395,113255,
,395,113255,0.17569370567798615
0.17843064665794373,396,113541,
,396,113541,0.1756962090730667
0.17841024696826935,397,113827,
,397,113827,0.17568497359752655
0.17848922312259674,398,114113,
,398,114113,0.17568905651569366
0.17830975353717804,399,114399,
,399,114399,0.17570160329341888
0.17843347787857056,400,114685,
,400,114685,0.17565852403640747
0.17834025621414185,401,114971,
,401,114971,0.17567186057567596
0.17841540277004242,402,115257,
,402,115257,0.17568321526050568
0.17839977145195007,403,115543,
,403,115543,0.1756717711687088
0.1784098893404007,404,115829,
,404,115829,0.17565801739692688
0.17842619121074677,405,116115,
,405,116115,0.1756584495306015
0.17841672897338867,406,116401,
,406,116401,0.1756606101989746
0.1782924234867096,407,116687,
,407,116687,0.17566709220409393
0.17833492159843445,408,116973,
,408,116973,0.17563842236995697
0.1784583479166031,409,117259,
,409,117259,0.17565050721168518
0.17836719751358032,410,117545,
,410,117545,0.17565158009529114
0.17839647829532623,411,117831,
,411,117831,0.17562618851661682
0.17844465374946594,412,118117,
,412,118117,0.17565976083278656
0.17832529544830322,413,118403,
,413,118403,0.17564208805561066
0.17850275337696075,414,118689,
,414,118689,0.17564253509044647
0.17833951115608215,415,118975,
,415,118975,0.17562495172023773
0.17834219336509705,416,119261,
,416,119261,0.17562319338321686
0.17832112312316895,417,119547,
,417,119547,0.17562320828437805
0.17831699550151825,418,119833,
,418,119833,0.17562277615070343
0.17826969921588898,419,120119,
,419,120119,0.17562180757522583
0.1783333420753479,420,120405,
,420,120405,0.1756267249584198
0.17832577228546143,421,120691,
,421,120691,0.17560485005378723
0.17835167050361633,422,120977,
,422,120977,0.17561110854148865
0.17833951115608215,423,121263,
,423,121263,0.17560555040836334
0.17836129665374756,424,121549,
,424,121549,0.17558550834655762
0.178361713886261,425,121835,
,425,121835,0.1755739003419876
0.1782713383436203,426,122121,
,426,122121,0.17561109364032745
0.17835436761379242,427,122407,
,427,122407,0.1755628138780594
0.1782977133989334,428,122693,
,428,122693,0.1756034791469574
0.1782270222902298,429,122979,
,429,122979,0.17560924589633942
0.17840611934661865,430,123265,
,430,123265,0.17557814717292786
0.17834293842315674,431,123551,
,431,123551,0.1755962371826172
0.17833152413368225,432,123837,
,432,123837,0.17558929324150085
0.17825552821159363,433,124123,
,433,124123,0.1755649894475937
0.17834605276584625,434,124409,
,434,124409,0.17559164762496948
0.1783188134431839,435,124695,
,435,124695,0.17555071413516998
0.17826628684997559,436,124981,
,436,124981,0.17557281255722046
0.17830818891525269,437,125267,
,437,125267,0.17555265128612518
0.17824596166610718,438,125553,
,438,125553,0.17556972801685333
0.17827297747135162,439,125839,
,439,125839,0.17555196583271027
0.1782323271036148,440,126125,
,440,126125,0.17556975781917572
0.17819766700267792,441,126411,
,441,126411,0.17554602026939392
0.17819595336914062,442,126697,
,442,126697,0.17555025219917297
0.17820292711257935,443,126983,
,443,126983,0.1755189448595047
0.17830751836299896,444,127269,
,444,127269,0.17551641166210175
0.1782652735710144,445,127555,
,445,127555,0.17555144429206848
0.17819733917713165,446,127841,
,446,127841,0.1755450814962387
0.1782333254814148,447,128127,
,447,128127,0.17553932964801788
0.17831085622310638,448,128413,
,448,128413,0.17556215822696686
0.17823278903961182,449,128699,
,449,128699,0.1755347102880478
0.17822420597076416,450,128985,
,450,128985,0.17551782727241516
0.17825652658939362,451,129271,
,451,129271,0.17552833259105682
0.17826420068740845,452,129557,
,452,129557,0.17550604045391083
0.17824901640415192,453,129843,
,453,129843,0.17552782595157623
0.17828038334846497,454,130129,
,454,130129,0.17551052570343018
0.17824846506118774,455,130415,
,455,130415,0.1755058467388153
0.17823189496994019,456,130701,
,456,130701,0.17550453543663025
0.178230419754982,457,130987,
,457,130987,0.1754865050315857
0.17823147773742676,458,131273,
,458,131273,0.17551158368587494
0.17817194759845734,459,131559,
,459,131559,0.17552617192268372
0.17828750610351562,460,131845,
,460,131845,0.17551560699939728
0.17833362519741058,461,132131,
,461,132131,0.1754903942346573
0.17816059291362762,462,132417,
,462,132417,0.17549720406532288
0.1782504916191101,463,132703,
,463,132703,0.17548809945583344
0.1783672422170639,464,132989,
,464,132989,0.1754707247018814
0.1782573014497757,465,133275,
,465,133275,0.17548100650310516
0.17828041315078735,466,133561,
,466,133561,0.17549332976341248
0.17822515964508057,467,133847,
,467,133847,0.1754695028066635
0.17829574644565582,468,134133,
,468,134133,0.17546346783638
0.1781667321920395,469,134419,
,469,134419,0.17547106742858887
0.1783386617898941,470,134705,
,470,134705,0.17544126510620117
0.17832216620445251,471,134991,
,471,134991,0.17544682323932648
0.1782890260219574,472,135277,
,472,135277,0.17545358836650848
0.178254172205925,473,135563,
,473,135563,0.1754741370677948
0.1781684160232544,474,135849,
,474,135849,0.17547401785850525
0.17811352014541626,475,136135,
,475,136135,0.17546965181827545
0.1781933307647705,476,136421,
,476,136421,0.1754433810710907
0.17821712791919708,477,136707,
,477,136707,0.17546339333057404
0.17819401621818542,478,136993,
,478,136993,0.17546594142913818
0.1782200038433075,479,137279,
,479,137279,0.17543421685695648
0.1781933605670929,480,137565,
,480,137565,0.17544244229793549
0.1782885044813156,481,137851,
,481,137851,0.1754588484764099
0.17809641361236572,482,138137,
,482,138137,0.17543193697929382
0.1782674491405487,483,138423,
,483,138423,0.17541152238845825
0.1781618595123291,484,138709,
,484,138709,0.17542849481105804
0.17811319231987,485,138995,
,485,138995,0.17541179060935974
0.17813685536384583,486,139281,
,486,139281,0.17542493343353271
0.178135484457016,487,139567,
,487,139567,0.17542847990989685
0.1781139075756073,488,139853,
,488,139853,0.17541171610355377
0.17822298407554626,489,140139,
,489,140139,0.17539943754673004
0.1782451570034027,490,140425,
,490,140425,0.1754102259874344
0.1781720370054245,491,140711,
,491,140711,0.1754220426082611
0.17809981107711792,492,140997,
,492,140997,0.1754092574119568
0.17820170521736145,493,141283,
,493,141283,0.17542003095149994
0.17819921672344208,494,141569,
,494,141569,0.1754283756017685
0.1781378537416458,495,141855,
,495,141855,0.1754053831100464
0.17820043861865997,496,142141,
,496,142141,0.17539769411087036
0.17809142172336578,497,142427,
,497,142427,0.17540845274925232
0.17815999686717987,498,142713,
,498,142713,0.17540660500526428
0.17819033563137054,499,142999,
,499,142999,0.17536702752113342
0.178068608045578,500,143285,
,500,143285,0.17539691925048828
0.17799410223960876,501,143571,
,501,143571,0.175380140542984
0.1782931536436081,502,143857,
,502,143857,0.17537717521190643
0.17829680442810059,503,144143,
,503,144143,0.17536543309688568
0.17821486294269562,504,144429,
,504,144429,0.17540663480758667
0.17813068628311157,505,144715,
,505,144715,0.17536714673042297
0.1781918853521347,506,145001,
,506,145001,0.17537854611873627
0.17820461094379425,507,145287,
,507,145287,0.1753881871700287
0.17817607522010803,508,145573,
,508,145573,0.17538386583328247
0.17817966639995575,509,145859,
,509,145859,0.17536726593971252
0.1781785637140274,510,146145,
,510,146145,0.17535147070884705
0.17815162241458893,511,146431,
,511,146431,0.17538325488567352
0.17819514870643616,512,146717,
,512,146717,0.17538781464099884
0.1780850738286972,513,147003,
,513,147003,0.17535319924354553
0.17819733917713165,514,147289,
,514,147289,0.1753549873828888
0.17814798653125763,515,147575,
,515,147575,0.17537930607795715
0.17812080681324005,516,147861,
,516,147861,0.17532837390899658
0.1780194491147995,517,148147,
,517,148147,0.17531777918338776
0.1780930757522583,518,148433,
,518,148433,0.17536278069019318
0.17824414372444153,519,148719,
,519,148719,0.1753765344619751
0.1780007928609848,520,149005,
,520,149005,0.17531484365463257
0.17801325023174286,521,149291,
,521,149291,0.1753157377243042
0.17817619442939758,522,149577,
,522,149577,0.1753236949443817
0.17816391587257385,523,149863,
,523,149863,0.17533110082149506
0.17825579643249512,524,150149,
,524,150149,0.1753215491771698
0.17804601788520813,525,150435,
,525,150435,0.1753549724817276
0.178072988986969,526,150721,
,526,150721,0.17533156275749207
0.17813940346240997,527,151007,
,527,151007,0.1753314882516861
0.1781899780035019,528,151293,
,528,151293,0.17533256113529205
0.1781129688024521,529,151579,
,529,151579,0.1753121018409729
0.17825384438037872,530,151865,
,530,151865,0.1753222942352295
0.17822667956352234,531,152151,
,531,152151,0.1753436028957367
0.17812621593475342,532,152437,
,532,152437,0.1753384917974472
0.17802982032299042,533,152723,
,533,152723,0.17532257735729218
0.17802166938781738,534,153009,
,534,153009,0.17532280087471008
0.17812280356884003,535,153295,
,535,153295,0.17530158162117004
0.1781022995710373,536,153581,
,536,153581,0.17533215880393982
0.17820234596729279,537,153867,
,537,153867,0.17528676986694336
0.17806048691272736,538,154153,
,538,154153,0.17529940605163574
0.1781473606824875,539,154439,
,539,154439,0.17529121041297913
0.17816272377967834,540,154725,
,540,154725,0.1752956211566925
0.17801959812641144,541,155011,
,541,155011,0.17530576884746552
0.17809852957725525,542,155297,
,542,155297,0.17530439794063568
0.17817755043506622,543,155583,
,543,155583,0.17529086768627167
0.17814864218235016,544,155869,
,544,155869,0.17527391016483307
0.1782006472349167,545,156155,
,545,156155,0.17528752982616425
0.17810353636741638,546,156441,
,546,156441,0.17530997097492218
0.17803563177585602,547,156727,
,547,156727,0.17529278993606567
0.17797718942165375,548,157013,
,548,157013,0.1753062605857849
0.1780422180891037,549,157299,
,549,157299,0.17525780200958252
0.17799034714698792,550,157585,
,550,157585,0.17523130774497986
0.17800326645374298,551,157871,
,551,157871,0.1752748340368271
0.17805323004722595,552,158157,
,552,158157,0.17525719106197357
0.17804597318172455,553,158443,
,553,158443,0.17530396580696106
0.17800459265708923,554,158729,
,554,158729,0.17527833580970764
0.17797046899795532,555,159015,
,555,159015,0.1752368062734604
0.17813579738140106,556,159301,
,556,159301,0.17524482309818268
0.17808954417705536,557,159587,
,557,159587,0.17529666423797607
0.17816095054149628,558,159873,
,558,159873,0.1752564162015915
0.1781768798828125,559,160159,
,559,160159,0.17525053024291992
0.17807736992835999,560,160445,
,560,160445,0.17524558305740356
0.1780545562505722,561,160731,
,561,160731,0.17523814737796783
0.1781659722328186,562,161017,
,562,161017,0.17524267733097076
0.17804846167564392,563,161303,
,563,161303,0.17523328959941864
0.17800839245319366,564,161589,
,564,161589,0.17523984611034393
0.17796289920806885,565,161875,
,565,161875,0.17522400617599487
0.17814014852046967,566,162161,
,566,162161,0.17523828148841858
0.1781724989414215,567,162447,
,567,162447,0.17522114515304565
0.17810983955860138,568,162733,
,568,162733,0.17521975934505463
0.17809714376926422,569,163019,
,569,163019,0.17523688077926636
0.1780959814786911,570,163305,
,570,163305,0.17522117495536804
0.17804394662380219,571,163591,
,571,163591,0.1752469539642334
0.17803996801376343,572,163877,
,572,163877,0.1752028912305832
0.17803537845611572,573,164163,
,573,164163,0.17523732781410217
0.17808780074119568,574,164449,
,574,164449,0.17524923384189606
0.17792949080467224,575,164735,
,575,164735,0.17521703243255615
0.1781429499387741,576,165021,
,576,165021,0.17524878680706024
0.17809700965881348,577,165307,
,577,165307,0.1752166748046875
0.178044855594635,578,165593,
,578,165593,0.17521552741527557
0.1780070662498474,579,165879,
,579,165879,0.1751963347196579
0.1780328005552292,580,166165,
,580,166165,0.1752031445503235
0.1779266744852066,581,166451,
,581,166451,0.175206258893013
0.17797505855560303,582,166737,
,582,166737,0.1751810908317566
0.17805610597133636,583,167023,
,583,167023,0.17520010471343994
0.1780005544424057,584,167309,
,584,167309,0.1752035915851593
0.1780451536178589,585,167595,
,585,167595,0.1752220243215561
0.17802904546260834,586,167881,
,586,167881,0.17516115307807922
0.17796896398067474,587,168167,
,587,168167,0.17519749701023102
0.1780058741569519,588,168453,
,588,168453,0.17522019147872925
0.17804574966430664,589,168739,
,589,168739,0.17516189813613892
0.17800618708133698,590,169025,
,590,169025,0.17516882717609406
0.17815782129764557,591,169311,
,591,169311,0.17517784237861633
0.17804840207099915,592,169597,
,592,169597,0.17517438530921936
0.17798784375190735,593,169883,
,593,169883,0.1751936972141266
0.17810900509357452,594,170169,
,594,170169,0.1751910299062729
0.17800191044807434,595,170455,
,595,170455,0.17515328526496887
0.17812800407409668,596,170741,
,596,170741,0.1751665472984314
0.17815545201301575,597,171027,
,597,171027,0.17516633868217468
0.17812804877758026,598,171313,
,598,171313,0.17516663670539856
0.17795389890670776,599,171599,
,599,171599,0.17518393695354462
0.1781008094549179,600,171885,
,600,171885,0.1751600205898285
0.1780257225036621,601,172171,
,601,172171,0.1751623898744583
0.17812895774841309,602,172457,
,602,172457,0.17514485120773315
0.17810064554214478,603,172743,
,603,172743,0.1751626431941986
0.1781366914510727,604,173029,
,604,173029,0.17513507604599
0.1781228631734848,605,173315,
,605,173315,0.17516642808914185
0.17804671823978424,606,173601,
,606,173601,0.17516475915908813
0.17796644568443298,607,173887,
,607,173887,0.1751362681388855
0.17802181839942932,608,174173,
,608,174173,0.1751452386379242
0.17793311178684235,609,174459,
,609,174459,0.17514729499816895
0.1779172271490097,610,174745,
,610,174745,0.17515406012535095
0.1780349612236023,611,175031,
,611,175031,0.17514483630657196
0.1779024600982666,612,175317,
,612,175317,0.1751340925693512
0.1781381368637085,613,175603,
,613,175603,0.17512500286102295
0.17813190817832947,614,175889,
,614,175889,0.17511238157749176
0.1781487762928009,615,176175,
,615,176175,0.17513534426689148
0.17798684537410736,616,176461,
,616,176461,0.17511887848377228
0.17794078588485718,617,176747,
,617,176747,0.17514774203300476
0.17796531319618225,618,177033,
,618,177033,0.1751548945903778
0.17794585227966309,619,177319,
,619,177319,0.17512762546539307
0.17794281244277954,620,177605,
,620,177605,0.17511995136737823
0.1780260056257248,621,177891,
,621,177891,0.17511968314647675
0.17813915014266968,622,178177,
,622,178177,0.1751234233379364
0.1779380589723587,623,178463,
,623,178463,0.17513981461524963
0.1780802607536316,624,178749,
,624,178749,0.1750992089509964
0.17795738577842712,625,179035,
,625,179035,0.17511361837387085
0.17802608013153076,626,179321,
,626,179321,0.1751331388950348
0.1779867559671402,627,179607,
,627,179607,0.17511074244976044
0.17811962962150574,628,179893,
,628,179893,0.1750810146331787
0.1779935657978058,629,180179,
,629,180179,0.1750982254743576
0.17797309160232544,630,180465,
,630,180465,0.17510686814785004
0.1779894232749939,631,180751,
,631,180751,0.175102099776268
0.17794521152973175,632,181037,
,632,181037,0.17508456110954285
0.1779451221227646,633,181323,
,633,181323,0.17508316040039062
0.17809981107711792,634,181609,
,634,181609,0.17509295046329498
0.17786964774131775,635,181895,
,635,181895,0.17508099973201752
0.17818692326545715,636,182181,
,636,182181,0.17508035898208618
0.17806880176067352,637,182467,
,637,182467,0.1750829666852951
0.177988201379776,638,182753,
,638,182753,0.17509222030639648
0.17793753743171692,639,183039,
,639,183039,0.17507465183734894
0.17803993821144104,640,183325,
,640,183325,0.17509117722511292
0.1780846267938614,641,183611,
,641,183611,0.1750728189945221
0.1779736429452896,642,183897,
,642,183897,0.17506955564022064
0.17798128724098206,643,184183,
,643,184183,0.1750873327255249
0.17799973487854004,644,184469,
,644,184469,0.17509950697422028
0.1778443455696106,645,184755,
,645,184755,0.1750669777393341
0.1779775470495224,646,185041,
,646,185041,0.1750255823135376
0.17798125743865967,647,185327,
,647,185327,0.17506210505962372
0.17793793976306915,648,185613,
,648,185613,0.1750430017709732
0.17799340188503265,649,185899,
,649,185899,0.17503151297569275
0.17793594300746918,650,186185,
,650,186185,0.17504975199699402
0.17794981598854065,651,186471,
,651,186471,0.17507697641849518
0.17789050936698914,652,186757,
,652,186757,0.17505905032157898
0.1779099702835083,653,187043,
,653,187043,0.17505553364753723
0.177933469414711,654,187329,
,654,187329,0.17506128549575806
0.17812053859233856,655,187615,
,655,187615,0.1750575453042984
0.17810703814029694,656,187901,
,656,187901,0.17504902184009552
0.17802603542804718,657,188187,
,657,188187,0.17503368854522705
0.1779506802558899,658,188473,
,658,188473,0.17506766319274902
0.17788171768188477,659,188759,
,659,188759,0.17502298951148987
0.17792116105556488,660,189045,
,660,189045,0.17503699660301208
0.178070530295372,661,189331,
,661,189331,0.17502620816230774
0.17789191007614136,662,189617,
,662,189617,0.17501792311668396
0.17798909544944763,663,189903,
,663,189903,0.17504186928272247
0.17797231674194336,664,190189,
,664,190189,0.17503628134727478
0.17793703079223633,665,190475,
,665,190475,0.1750199943780899
0.1780562549829483,666,190761,
,666,190761,0.1750219166278839
0.17792877554893494,667,191047,
,667,191047,0.1750161349773407
0.177952378988266,668,191333,
,668,191333,0.17500039935112
0.1779271364212036,669,191619,
,669,191619,0.1750079244375229
0.1779550164937973,670,191905,
,670,191905,0.17501631379127502
0.17791223526000977,671,192191,
,671,192191,0.17503151297569275
0.17793011665344238,672,192477,
,672,192477,0.1750122308731079
0.17787706851959229,673,192763,
,673,192763,0.1750398874282837
0.1778998076915741,674,193049,
,674,193049,0.17502470314502716
0.1781107783317566,675,193335,
,675,193335,0.17499767243862152
0.1778741478919983,676,193621,
,676,193621,0.17499706149101257
0.17785415053367615,677,193907,
,677,193907,0.17501012980937958
0.1780719757080078,678,194193,
,678,194193,0.17497320473194122
0.17784962058067322,679,194479,
,679,194479,0.17499424517154694
0.17784187197685242,680,194765,
,680,194765,0.17500071227550507
0.17790350317955017,681,195051,
,681,195051,0.17497558891773224
0.17796482145786285,682,195337,
,682,195337,0.17500782012939453
0.17791688442230225,683,195623,
,683,195623,0.17499251663684845
0.17799197137355804,684,195909,
,684,195909,0.17500942945480347
0.17794372141361237,685,196195,
,685,196195,0.17499738931655884
0.17783546447753906,686,196481,
,686,196481,0.17498056590557098
0.17793938517570496,687,196767,
,687,196767,0.174980029463768
0.17784103751182556,688,197053,
,688,197053,0.17498166859149933
0.17785799503326416,689,197339,
,689,197339,0.17499099671840668
0.17787174880504608,690,197625,
,690,197625,0.17498557269573212
0.17781652510166168,691,197911,
,691,197911,0.17498897016048431
0.17789201438426971,692,198197,
,692,198197,0.17500877380371094
0.1779247373342514,693,198483,
,693,198483,0.1749531477689743
0.17802327871322632,694,198769,
,694,198769,0.175016388297081
0.17784300446510315,695,199055,
,695,199055,0.17495372891426086
0.17784352600574493,696,199341,
,696,199341,0.1749708205461502
0.17778566479682922,697,199627,
,697,199627,0.1749654859304428
0.17788001894950867,698,199913,
,698,199913,0.17499059438705444
0.1778581738471985,699,200199,
,699,200199,0.17496806383132935
0.1780298948287964,700,200485,
,700,200485,0.17494837939739227
0.17780180275440216,701,200771,
,701,200771,0.17496168613433838
0.1780381053686142,702,201057,
,702,201057,0.1749471127986908
0.17785514891147614,703,201343,
,703,201343,0.17494681477546692
0.17809727787971497,704,201629,
,704,201629,0.17497186362743378
0.17785201966762543,705,201915,
,705,201915,0.1749422550201416
0.17809121310710907,706,202201,
,706,202201,0.17493370175361633
0.17791742086410522,707,202487,
,707,202487,0.1749536246061325
0.17782634496688843,708,202773,
,708,202773,0.17494681477546692
0.17790387570858002,709,203059,
,709,203059,0.1749478280544281
0.17787078022956848,710,203345,
,710,203345,0.17495161294937134
0.177973672747612,711,203631,
,711,203631,0.1749439686536789
0.17797303199768066,712,203917,
,712,203917,0.17496460676193237
0.17781946063041687,713,204203,
,713,204203,0.17495854198932648
0.17785604298114777,714,204489,
,714,204489,0.17492227256298065
0.17779280245304108,715,204775,
,715,204775,0.17492486536502838
0.17789717018604279,716,205061,
,716,205061,0.17494650185108185
0.17801156640052795,717,205347,
,717,205347,0.17492687702178955
0.17790478467941284,718,205633,
,718,205633,0.1749657839536667
0.17794957756996155,719,205919,
,719,205919,0.17491546273231506
0.17779719829559326,720,206205,
,720,206205,0.17491620779037476
0.17795784771442413,721,206491,
,721,206491,0.17492203414440155
0.17792487144470215,722,206777,
,722,206777,0.17490780353546143
0.17786365747451782,723,207063,
,723,207063,0.17491109669208527
0.17778655886650085,724,207349,
,724,207349,0.1749526560306549
0.17781962454319,725,207635,
,725,207635,0.17492437362670898
0.17780600488185883,726,207921,
,726,207921,0.17491425573825836
0.17783024907112122,727,208207,
,727,208207,0.17490147054195404
0.17790918052196503,728,208493,
,728,208493,0.17491817474365234
0.17792867124080658,729,208779,
,729,208779,0.17491912841796875
0.17791900038719177,730,209065,
,730,209065,0.1748875081539154
0.1778014749288559,731,209351,
,731,209351,0.17491871118545532
0.17775003612041473,732,209637,
,732,209637,0.1748959720134735
0.17786438763141632,733,209923,
,733,209923,0.17491203546524048
0.17789719998836517,734,210209,
,734,210209,0.1749071329832077
0.17781555652618408,735,210495,
,735,210495,0.17489340901374817
0.17788977921009064,736,210781,
,736,210781,0.17490288615226746
0.1778036504983902,737,211067,
,737,211067,0.17489835619926453
0.17788183689117432,738,211353,
,738,211353,0.1749129444360733
0.17768444120883942,739,211639,
,739,211639,0.1748921126127243
0.1778162568807602,740,211925,
,740,211925,0.17490088939666748
0.17786338925361633,741,212211,
,741,212211,0.17489248514175415
0.17806021869182587,742,212497,
,742,212497,0.17489486932754517
0.17776420712471008,743,212783,
,743,212783,0.17487506568431854
0.17778900265693665,744,213069,
,744,213069,0.17487183213233948
0.1777614951133728,745,213355,
,745,213355,0.17487689852714539
0.1777510941028595,746,213641,
,746,213641,0.17487893998622894
0.1777699738740921,747,213927,
,747,213927,0.17489232122898102
0.17780888080596924,748,214213,
,748,214213,0.1748836487531662
0.17782793939113617,749,214499,
,749,214499,0.17487621307373047
0.17778071761131287,750,214785,
,750,214785,0.17487026751041412
0.17772716283798218,751,215071,
,751,215071,0.1749010533094406
0.17776022851467133,752,215357,
,752,215357,0.17489571869373322
0.1779765784740448,753,215643,
,753,215643,0.17487913370132446
0.17775414884090424,754,215929,
,754,215929,0.17488275468349457
0.17783670127391815,755,216215,
,755,216215,0.17484977841377258
0.17784638702869415,756,216501,
,756,216501,0.1748572438955307
0.17793001234531403,757,216787,
,757,216787,0.1748569905757904
0.1777624934911728,758,217073,
,758,217073,0.17486804723739624
0.17793533205986023,759,217359,
,759,217359,0.1748654693365097
0.1777791827917099,760,217645,
,760,217645,0.17486344277858734
0.1778520941734314,761,217931,
,761,217931,0.1748441457748413
0.17783327400684357,762,218217,
,762,218217,0.17485851049423218
0.1777312457561493,763,218503,
,763,218503,0.1748630255460739
0.17773652076721191,764,218789,
,764,218789,0.17485281825065613
0.177822545170784,765,219075,
,765,219075,0.17483969032764435
0.1778264045715332,766,219361,
,766,219361,0.1748328059911728
0.17774897813796997,767,219647,
,767,219647,0.174805149435997
0.17781566083431244,768,219933,
,768,219933,0.1748349964618683
0.17778410017490387,769,220219,
,769,220219,0.17482754588127136
0.17798233032226562,770,220505,
,770,220505,0.1748797595500946
0.17783305048942566,771,220791,
,771,220791,0.1748344600200653
0.17802779376506805,772,221077,
,772,221077,0.17487561702728271
0.17783953249454498,773,221363,
,773,221363,0.1748722493648529
0.1776975840330124,774,221649,
,774,221649,0.17483559250831604
0.17776699364185333,775,221935,
,775,221935,0.17483575642108917
0.17784732580184937,776,222221,
,776,222221,0.17483587563037872
0.17773668467998505,777,222507,
,777,222507,0.1748005449771881
0.17780886590480804,778,222793,
,778,222793,0.1748397946357727
0.17792624235153198,779,223079,
,779,223079,0.17485366761684418
0.17777816951274872,780,223365,
,780,223365,0.1748330295085907
0.17772556841373444,781,223651,
,781,223651,0.17483942210674286
0.17773811519145966,782,223937,
,782,223937,0.17482827603816986
0.17764990031719208,783,224223,
,783,224223,0.17478501796722412
0.17784452438354492,784,224509,
,784,224509,0.17481182515621185
0.17773352563381195,785,224795,
,785,224795,0.174837127327919
0.1776914745569229,786,225081,
,786,225081,0.17482464015483856
0.17776180803775787,787,225367,
,787,225367,0.1748213917016983
0.17789028584957123,788,225653,
,788,225653,0.17483088374137878
0.17774847149848938,789,225939,
,789,225939,0.17483244836330414
0.17777715623378754,790,226225,
,790,226225,0.17482022941112518
0.17767636477947235,791,226511,
,791,226511,0.17481225728988647
0.17775942385196686,792,226797,
,792,226797,0.17478562891483307
0.1777876317501068,793,227083,
,793,227083,0.17480209469795227
0.17775946855545044,794,227369,
,794,227369,0.17479968070983887
0.17785318195819855,795,227655,
,795,227655,0.17479822039604187
0.17770104110240936,796,227941,
,796,227941,0.17480288445949554
0.17785488069057465,797,228227,
,797,228227,0.17479607462882996
0.17785325646400452,798,228513,
,798,228513,0.17480042576789856
0.17770522832870483,799,228799,
,799,228799,0.17483866214752197
0.17775428295135498,800,229085,
,800,229085,0.1748133897781372
0.1776764690876007,801,229371,
,801,229371,0.1748146265745163
0.1778213381767273,802,229657,
,802,229657,0.17480294406414032
0.17788037657737732,803,229943,
,803,229943,0.17479728162288666
0.17777781188488007,804,230229,
,804,230229,0.17479506134986877
0.17765319347381592,805,230515,
,805,230515,0.17482128739356995
0.17766383290290833,806,230801,
,806,230801,0.17475953698158264
0.17771464586257935,807,231087,
,807,231087,0.17478986084461212
0.17788653075695038,808,231373,
,808,231373,0.17478838562965393
0.17776095867156982,809,231659,
,809,231659,0.1747908592224121
0.17763730883598328,810,231945,
,810,231945,0.17478200793266296
0.17790502309799194,811,232231,
,811,232231,0.1747778207063675
0.17776910960674286,812,232517,
,812,232517,0.17477422952651978
0.17772209644317627,813,232803,
,813,232803,0.1747853010892868
0.17781884968280792,814,233089,
,814,233089,0.17476798593997955
0.17774426937103271,815,233375,
,815,233375,0.17479990422725677
0.177662193775177,816,233661,
,816,233661,0.17477087676525116
0.17778380215168,817,233947,
,817,233947,0.17477628588676453
0.17775043845176697,818,234233,
,818,234233,0.17477847635746002
0.17777444422245026,819,234519,
,819,234519,0.17475555837154388
0.17782062292099,820,234805,
,820,234805,0.17477205395698547
0.1778533011674881,821,235091,
,821,235091,0.17478135228157043
0.17760887742042542,822,235377,
,822,235377,0.17476366460323334
0.17768079042434692,823,235663,
,823,235663,0.17477458715438843
0.1777508705854416,824,235949,
,824,235949,0.17476563155651093
0.17765696346759796,825,236235,
,825,236235,0.17477667331695557
0.17774897813796997,826,236521,
,826,236521,0.17475025355815887
0.1776357740163803,827,236807,
,827,236807,0.17475679516792297
0.17771011590957642,828,237093,
,828,237093,0.17476609349250793
0.17771615087985992,829,237379,
,829,237379,0.17473357915878296
0.1776593178510666,830,237665,
,830,237665,0.17477431893348694
0.17775869369506836,831,237951,
,831,237951,0.17476211488246918
0.17781613767147064,832,238237,
,832,238237,0.17476172745227814
0.17767344415187836,833,238523,
,833,238523,0.1747596114873886
0.17774048447608948,834,238809,
,834,238809,0.17473474144935608
0.17765527963638306,835,239095,
,835,239095,0.1747439056634903
0.17777416110038757,836,239381,
,836,239381,0.1747366338968277
0.17765487730503082,837,239667,
,837,239667,0.1747525930404663
0.17764899134635925,838,239953,
,838,239953,0.17476536333560944
0.17770464718341827,839,240239,
,839,240239,0.17473222315311432
0.17777085304260254,840,240525,
,840,240525,0.1747368723154068
0.17779134213924408,841,240811,
,841,240811,0.17474466562271118
0.17764928936958313,842,241097,
,842,241097,0.1747431606054306
0.17769518494606018,843,241383,
,843,241383,0.17474979162216187
0.17763298749923706,844,241669,
,844,241669,0.17474092543125153
0.17766708135604858,845,241955,
,845,241955,0.17472350597381592
0.17763927578926086,846,242241,
,846,242241,0.17472155392169952
0.17770515382289886,847,242527,
,847,242527,0.17472398281097412
0.17779797315597534,848,242813,
,848,242813,0.1747269332408905
0.1779261976480484,849,243099,
,849,243099,0.174709752202034
0.17775407433509827,850,243385,
,850,243385,0.17474156618118286
0.177752286195755,851,243671,
,851,243671,0.1747368723154068
0.17773118615150452,852,243957,
,852,243957,0.17470666766166687
0.17763185501098633,853,244243,
,853,244243,0.17475125193595886
0.17768672108650208,854,244529,
,854,244529,0.17473840713500977
0.17770622670650482,855,244815,
,855,244815,0.17470642924308777
0.17784826457500458,856,245101,
,856,245101,0.17471878230571747
0.17773640155792236,857,245387,
,857,245387,0.17473606765270233
0.1777787059545517,858,245673,
,858,245673,0.17472532391548157
0.1777094602584839,859,245959,
,859,245959,0.1747625172138214
0.17770718038082123,860,246245,
,860,246245,0.17472699284553528
0.17774173617362976,861,246531,
,861,246531,0.17470933496952057
0.17757569253444672,862,246817,
,862,246817,0.17469601333141327
0.1777064949274063,863,247103,
,863,247103,0.17467401921749115
0.17775827646255493,864,247389,
,864,247389,0.1746898740530014
0.1776859611272812,865,247675,
,865,247675,0.17470993101596832
0.17783629894256592,866,247961,
,866,247961,0.1746835559606552
0.17770710587501526,867,248247,
,867,248247,0.17472107708454132
0.17767709493637085,868,248533,
,868,248533,0.17471055686473846
0.17778383195400238,869,248819,
,869,248819,0.17471687495708466
0.1777457743883133,870,249105,
,870,249105,0.17471612989902496
0.17781414091587067,871,249391,
,871,249391,0.1747063398361206
0.17759613692760468,872,249677,
,872,249677,0.17470696568489075
0.1776943951845169,873,249963,
,873,249963,0.17468267679214478
0.17765958607196808,874,250249,
,874,250249,0.17469263076782227
0.17772917449474335,875,250535,
,875,250535,0.17468973994255066
0.17768341302871704,876,250821,
,876,250821,0.17471608519554138
0.17772836983203888,877,251107,
,877,251107,0.17470896244049072
0.17771600186824799,878,251393,
,878,251393,0.17466342449188232
0.17763997614383698,879,251679,
,879,251679,0.17469045519828796
0.17769081890583038,880,251965,
,880,251965,0.17469950020313263
0.1778828203678131,881,252251,
,881,252251,0.17469021677970886
0.1776730716228485,882,252537,
,882,252537,0.17469866573810577
0.17788782715797424,883,252823,
,883,252823,0.1746979057788849
0.17767906188964844,884,253109,
,884,253109,0.17470583319664001
0.1777344048023224,885,253395,
,885,253395,0.1746894270181656
0.17762207984924316,886,253681,
,886,253681,0.17467153072357178
0.17782126367092133,887,253967,
,887,253967,0.17467361688613892
0.17772991955280304,888,254253,
,888,254253,0.17468324303627014
0.17766480147838593,889,254539,
,889,254539,0.17467240989208221
0.17771151661872864,890,254825,
,890,254825,0.1746940314769745
0.1777007132768631,891,255111,
,891,255111,0.17468595504760742
0.17765003442764282,892,255397,
,892,255397,0.1746869683265686
0.1776210516691208,893,255683,
,893,255683,0.1746494024991989
0.17765679955482483,894,255969,
,894,255969,0.17467069625854492
0.17763398587703705,895,256255,
,895,256255,0.17468655109405518
0.17760972678661346,896,256541,
,896,256541,0.17469817399978638
0.17768925428390503,897,256827,
,897,256827,0.17467406392097473
0.17769689857959747,898,257113,
,898,257113,0.1746729463338852
0.17763161659240723,899,257399,
,899,257399,0.17468379437923431
0.17765961587429047,900,257685,
,900,257685,0.17465774714946747
0.17765668034553528,901,257971,
,901,257971,0.17465415596961975
0.17761479318141937,902,258257,
,902,258257,0.17465603351593018
0.17767873406410217,903,258543,
,903,258543,0.17466376721858978
0.17766639590263367,904,258829,
,904,258829,0.1746481955051422
0.17761249840259552,905,259115,
,905,259115,0.17467914521694183
0.17758631706237793,906,259401,
,906,259401,0.17465732991695404
0.17765949666500092,907,259687,
,907,259687,0.17466920614242554
0.1777746081352234,908,259973,
,908,259973,0.17465920746326447
0.17776097357273102,909,260259,
,909,260259,0.1746620237827301
0.1776309311389923,910,260545,
,910,260545,0.1746636927127838
0.17758221924304962,911,260831,
,911,260831,0.17464180290699005
0.1777072250843048,912,261117,
,912,261117,0.1746675968170166
0.17762508988380432,913,261403,
,913,261403,0.17464567720890045
0.1775544434785843,914,261689,
,914,261689,0.17465616762638092
0.1777351349592209,915,261975,
,915,261975,0.17466045916080475
0.17767535150051117,916,262261,
,916,262261,0.17465537786483765
0.17767493426799774,917,262547,
,917,262547,0.1746586114168167
0.1776970475912094,918,262833,
,918,262833,0.17465627193450928
0.17769311368465424,919,263119,
,919,263119,0.1746603548526764
0.17765028774738312,920,263405,
,920,263405,0.17462272942066193
0.17771364748477936,921,263691,
,921,263691,0.17464497685432434
0.1778363287448883,922,263977,
,922,263977,0.17461958527565002
0.17767219245433807,923,264263,
,923,264263,0.17463861405849457
0.17765554785728455,924,264549,
,924,264549,0.17465023696422577
0.17761781811714172,925,264835,
,925,264835,0.17462795972824097
0.17765763401985168,926,265121,
,926,265121,0.17462889850139618
0.17755275964736938,927,265407,
,927,265407,0.17463847994804382
0.17765282094478607,928,265693,
,928,265693,0.17465321719646454
0.17790037393569946,929,265979,
,929,265979,0.17463600635528564
0.17759963870048523,930,266265,
,930,266265,0.17463822662830353
0.17764988541603088,931,266551,
,931,266551,0.1746373325586319
0.17769961059093475,932,266837,
,932,266837,0.17460566759109497
0.17762534320354462,933,267123,
,933,267123,0.17462347447872162
0.177670419216156,934,267409,
,934,267409,0.17461742460727692
0.17771406471729279,935,267695,
,935,267695,0.1746395230293274
0.17781779170036316,936,267981,
,936,267981,0.1746225208044052
0.17775261402130127,937,268267,
,937,268267,0.17461642622947693
0.17762455344200134,938,268553,
,938,268553,0.17463812232017517
0.17760246992111206,939,268839,
,939,268839,0.17461900413036346
0.17767943441867828,940,269125,
,940,269125,0.17461223900318146
0.17767290771007538,941,269411,
,941,269411,0.17460474371910095
0.1776609569787979,942,269697,
,942,269697,0.17462797462940216
0.17750835418701172,943,269983,
,943,269983,0.1746261715888977
0.1776771992444992,944,270269,
,944,270269,0.1746191829442978
0.17771285772323608,945,270555,
,945,270555,0.17463470995426178
0.17760396003723145,946,270841,
,946,270841,0.1746126115322113
0.17750579118728638,947,271127,
,947,271127,0.17460599541664124
0.17755338549613953,948,271413,
,948,271413,0.17462550103664398
0.17769606411457062,949,271699,
,949,271699,0.1746189445257187
0.17771820724010468,950,271985,
,950,271985,0.17459706962108612
0.17762815952301025,951,272271,
,951,272271,0.17461469769477844
0.1778009831905365,952,272557,
,952,272557,0.17460870742797852
0.17757868766784668,953,272843,
,953,272843,0.17461836338043213
0.17772537469863892,954,273129,
,954,273129,0.17458952963352203
0.17760172486305237,955,273415,
,955,273415,0.17460091412067413
0.17763811349868774,956,273701,
,956,273701,0.1746423840522766
0.17761485278606415,957,273987,
,957,273987,0.1746082454919815
0.17767851054668427,958,274273,
,958,274273,0.17459727823734283
0.1775842308998108,959,274559,
,959,274559,0.17457698285579681
0.1779172122478485,960,274845,
,960,274845,0.17458076775074005
0.17767125368118286,961,275131,
,961,275131,0.17459456622600555
0.17773392796516418,962,275417,
,962,275417,0.17458310723304749
0.17766772210597992,963,275703,
,963,275703,0.17460259795188904
0.17753665149211884,964,275989,
,964,275989,0.17461219429969788
0.17765401303768158,965,276275,
,965,276275,0.17457914352416992
0.17771480977535248,966,276561,
,966,276561,0.17457829415798187
0.17757557332515717,967,276847,
,967,276847,0.17459554970264435
0.17771311104297638,968,277133,
,968,277133,0.17459873855113983
0.1776658594608307,969,277419,
,969,277419,0.174593985080719
0.17755040526390076,970,277705,
,970,277705,0.17456139624118805
0.1775697022676468,971,277991,
,971,277991,0.17458347976207733
0.1776219606399536,972,278277,
,972,278277,0.17457731068134308
0.17769332230091095,973,278563,
,973,278563,0.1745961308479309
0.17755664885044098,974,278849,
,974,278849,0.1745787411928177
0.17768803238868713,975,279135,
,975,279135,0.1745927333831787
0.17765648663043976,976,279421,
,976,279421,0.17458024621009827
0.1776471734046936,977,279707,
,977,279707,0.1745852828025818
0.1775389164686203,978,279993,
,978,279993,0.1745765060186386
0.1776348501443863,979,280279,
,979,280279,0.17455430328845978
0.17757995426654816,980,280565,
,980,280565,0.1745666116476059
0.177643820643425,981,280851,
,981,280851,0.1745600551366806
0.17754636704921722,982,281137,
,982,281137,0.1745762825012207
0.17764152586460114,983,281423,
,983,281423,0.17457185685634613
0.17749324440956116,984,281709,
,984,281709,0.17454679310321808
0.17757372558116913,985,281995,
,985,281995,0.17455479502677917
0.17771261930465698,986,282281,
,986,282281,0.17455539107322693
0.177606001496315,987,282567,
,987,282567,0.17457427084445953
0.17765994369983673,988,282853,
,988,282853,0.17456108331680298
0.17764714360237122,989,283139,
,989,283139,0.17455627024173737
0.17759892344474792,990,283425,
,990,283425,0.17456060647964478
0.17759709060192108,991,283711,
,991,283711,0.17459078133106232
0.17766351997852325,992,283997,
,992,283997,0.1745678335428238
0.17773742973804474,993,284283,
,993,284283,0.17456156015396118
0.1776893585920334,994,284569,
,994,284569,0.17457063496112823
0.1775539666414261,995,284855,
,995,284855,0.17455528676509857
0.17763639986515045,996,285141,
,996,285141,0.17457084357738495
0.17763008177280426,997,285427,
,997,285427,0.17454370856285095
0.17762865126132965,998,285713,
,998,285713,0.1745786815881729
0.17758050560951233,999,285999,
,999,285999,0.17458543181419373
